[
  {
    "alpha2": "AF",
    "alpha3": "AFG",
    "continent": "asia",
    "gazetteer": "iso",
    "id": "AF",
    "iso2LetterCode": "AF",
    "iso3LetterCode": "AFG",
    "isoNumericalCode": 4,
    "name": "Afghanistan",
    "numericalCode": 4,
    "official": true
  },
  {
    "alpha2": "AX",
    "alpha3": "ALA",
    "continent": "europe",
    "gazetteer": "iso",
    "id": "AX",
    "iso2LetterCode": "AX",
    "iso3LetterCode": "ALA",
    "isoNumericalCode": 248,
    "name": "Åland Islands",
    "numericalCode": 248,
    "official": true
  },
  {
    "alpha2": "AL",
    "alpha3": "ALB",
    "continent": "europe",
    "gazetteer": "iso",
    "id": "AL",
    "iso2LetterCode": "AL",
    "iso3LetterCode": "ALB",
    "isoNumericalCode": 8,
    "name": "Albania",
    "numericalCode": 8,
    "official": true
  },
  {
    "alpha2": "DZ",
    "alpha3": "DZA",
    "continent": "africa",
    "gazetteer": "iso",
    "id": "DZ",
    "iso2LetterCode": "DZ",
    "iso3LetterCode": "DZA",
    "isoNumericalCode": 12,
    "name": "Algeria",
    "numericalCode": 12,
    "official": true
  },
  {
    "alpha2": "AS",
    "alpha3": "ASM",
    "continent": "oceania",
    "gazetteer": "iso",
    "id": "AS",
    "iso2LetterCode": "AS",
    "iso3LetterCode": "ASM",
    "isoNumericalCode": 16,
    "name": "American Samoa",
    "numericalCode": 16,
    "official": true
  },
  {
    "alpha2": "AD",
    "alpha3": "AND",
    "continent": "europe",
    "gazetteer": "iso",
    "id": "AD",
    "iso2LetterCode": "AD",
    "iso3LetterCode": "AND",
    "isoNumericalCode": 20,
    "name": "Andorra",
    "numericalCode": 20,
    "official": true
  },
  {
    "alpha2": "AO",
    "alpha3": "AGO",
    "continent": "africa",
    "gazetteer": "iso",
    "id": "AO",
    "iso2LetterCode": "AO",
    "iso3LetterCode": "AGO",
    "isoNumericalCode": 24,
    "name": "Angola",
    "numericalCode": 24,
    "official": true
  },
  {
    "alpha2": "AI",
    "alpha3": "AIA",
    "continent": "south america",
    "gazetteer": "iso",
    "id": "AI",
    "iso2LetterCode": "AI",
    "iso3LetterCode": "AIA",
    "isoNumericalCode": 660,
    "name": "Anguilla",
    "numericalCode": 660,
    "official": true
  },
  {
    "alpha2": "AQ",
    "alpha3": "ATA",
    "continent": "antarctica",
    "gazetteer": "iso",
    "id": "AQ",
    "iso2LetterCode": "AQ",
    "iso3LetterCode": "ATA",
    "isoNumericalCode": 10,
    "name": "Antarctica",
    "numericalCode": 10,
    "official": true
  },
  {
    "alpha2": "AG",
    "alpha3": "ATG",
    "continent": "south america",
    "gazetteer": "iso",
    "id": "AG",
    "iso2LetterCode": "AG",
    "iso3LetterCode": "ATG",
    "isoNumericalCode": 28,
    "name": "Antigua and Barbuda",
    "numericalCode": 28,
    "official": true
  },
  {
    "alpha2": "AR",
    "alpha3": "ARG",
    "continent": "south america",
    "gazetteer": "iso",
    "id": "AR",
    "iso2LetterCode": "AR",
    "iso3LetterCode": "ARG",
    "isoNumericalCode": 32,
    "name": "Argentina",
    "numericalCode": 32,
    "official": true
  },
  {
    "alpha2": "AM",
    "alpha3": "ARM",
    "continent": "europe",
    "gazetteer": "iso",
    "id": "AM",
    "iso2LetterCode": "AM",
    "iso3LetterCode": "ARM",
    "isoNumericalCode": 51,
    "name": "Armenia",
    "numericalCode": 51,
    "official": true
  },
  {
    "alpha2": "AW",
    "alpha3": "ABW",
    "continent": "south america",
    "gazetteer": "iso",
    "id": "AW",
    "iso2LetterCode": "AW",
    "iso3LetterCode": "ABW",
    "isoNumericalCode": 533,
    "name": "Aruba",
    "numericalCode": 533,
    "official": true
  },
  {
    "alpha2": "AU",
    "alpha3": "AUS",
    "continent": "oceania",
    "gazetteer": "iso",
    "id": "AU",
    "iso2LetterCode": "AU",
    "iso3LetterCode": "AUS",
    "isoNumericalCode": 36,
    "name": "Australia",
    "numericalCode": 36,
    "official": true
  },
  {
    "alpha2": "AT",
    "alpha3": "AUT",
    "continent": "europe",
    "gazetteer": "iso",
    "id": "AT",
    "iso2LetterCode": "AT",
    "iso3LetterCode": "AUT",
    "isoNumericalCode": 40,
    "name": "Austria",
    "numericalCode": 40,
    "official": true
  },
  {
    "alpha2": "AZ",
    "alpha3": "AZE",
    "continent": "europe",
    "gazetteer": "iso",
    "id": "AZ",
    "iso2LetterCode": "AZ",
    "iso3LetterCode": "AZE",
    "isoNumericalCode": 31,
    "name": "Azerbaijan",
    "numericalCode": 31,
    "official": true
  },
  {
    "alpha2": "BS",
    "alpha3": "BHS",
    "continent": "south america",
    "gazetteer": "iso",
    "id": "BS",
    "iso2LetterCode": "BS",
    "iso3LetterCode": "BHS",
    "isoNumericalCode": 44,
    "name": "Bahamas",
    "numericalCode": 44,
    "official": true
  },
  {
    "alpha2": "BH",
    "alpha3": "BHR",
    "continent": "asia",
    "gazetteer": "iso",
    "id": "BH",
    "iso2LetterCode": "BH",
    "iso3LetterCode": "BHR",
    "isoNumericalCode": 48,
    "name": "Bahrain",
    "numericalCode": 48,
    "official": true
  },
  {
    "alpha2": "BD",
    "alpha3": "BGD",
    "continent": "asia",
    "gazetteer": "iso",
    "id": "BD",
    "iso2LetterCode": "BD",
    "iso3LetterCode": "BGD",
    "isoNumericalCode": 50,
    "name": "Bangladesh",
    "numericalCode": 50,
    "official": true
  },
  {
    "alpha2": "BB",
    "alpha3": "BRB",
    "continent": "south america",
    "gazetteer": "iso",
    "id": "BB",
    "iso2LetterCode": "BB",
    "iso3LetterCode": "BRB",
    "isoNumericalCode": 52,
    "name": "Barbados",
    "numericalCode": 52,
    "official": true
  },
  {
    "alpha2": "BY",
    "alpha3": "BLR",
    "continent": "europe",
    "gazetteer": "iso",
    "id": "BY",
    "iso2LetterCode": "BY",
    "iso3LetterCode": "BLR",
    "isoNumericalCode": 112,
    "name": "Belarus",
    "numericalCode": 112,
    "official": true
  },
  {
    "alpha2": "BE",
    "alpha3": "BEL",
    "continent": "europe",
    "gazetteer": "iso",
    "id": "BE",
    "iso2LetterCode": "BE",
    "iso3LetterCode": "BEL",
    "isoNumericalCode": 56,
    "name": "Belgium",
    "numericalCode": 56,
    "official": true
  },
  {
    "alpha2": "BZ",
    "alpha3": "BLZ",
    "continent": "south america",
    "gazetteer": "iso",
    "id": "BZ",
    "iso2LetterCode": "BZ",
    "iso3LetterCode": "BLZ",
    "isoNumericalCode": 84,
    "name": "Belize",
    "numericalCode": 84,
    "official": true
  },
  {
    "alpha2": "BJ",
    "alpha3": "BEN",
    "continent": "africa",
    "gazetteer": "iso",
    "id": "BJ",
    "iso2LetterCode": "BJ",
    "iso3LetterCode": "BEN",
    "isoNumericalCode": 204,
    "name": "Benin",
    "numericalCode": 204,
    "official": true
  },
  {
    "alpha2": "BM",
    "alpha3": "BMU",
    "continent": "south america",
    "gazetteer": "iso",
    "id": "BM",
    "iso2LetterCode": "BM",
    "iso3LetterCode": "BMU",
    "isoNumericalCode": 60,
    "name": "Bermuda",
    "numericalCode": 60,
    "official": true
  },
  {
    "alpha2": "BT",
    "alpha3": "BTN",
    "continent": "asia",
    "gazetteer": "iso",
    "id": "BT",
    "iso2LetterCode": "BT",
    "iso3LetterCode": "BTN",
    "isoNumericalCode": 64,
    "name": "Bhutan",
    "numericalCode": 64,
    "official": true
  },
  {
    "alpha2": "BO",
    "alpha3": "BOL",
    "continent": "south america",
    "gazetteer": "iso",
    "id": "BO",
    "iso2LetterCode": "BO",
    "iso3LetterCode": "BOL",
    "isoNumericalCode": 68,
    "name": "Bolivia, Plurinational State of",
    "numericalCode": 68,
    "official": true
  },
  {
    "alpha2": "BQ",
    "alpha3": "BES",
    "continent": "south america",
    "gazetteer": "iso",
    "id": "BQ",
    "iso2LetterCode": "BQ",
    "iso3LetterCode": "BES",
    "isoNumericalCode": 535,
    "name": "Bonaire, Sint Eustatius and Saba",
    "numericalCode": 535,
    "official": true
  },
  {
    "alpha2": "BA",
    "alpha3": "BIH",
    "continent": "europe",
    "gazetteer": "iso",
    "id": "BA",
    "iso2LetterCode": "BA",
    "iso3LetterCode": "BIH",
    "isoNumericalCode": 70,
    "name": "Bosnia and Herzegovina",
    "numericalCode": 70,
    "official": true
  },
  {
    "alpha2": "BW",
    "alpha3": "BWA",
    "continent": "africa",
    "gazetteer": "iso",
    "id": "BW",
    "iso2LetterCode": "BW",
    "iso3LetterCode": "BWA",
    "isoNumericalCode": 72,
    "name": "Botswana",
    "numericalCode": 72,
    "official": true
  },
  {
    "alpha2": "BV",
    "alpha3": "BVT",
    "continent": "antarctica",
    "gazetteer": "iso",
    "id": "BV",
    "iso2LetterCode": "BV",
    "iso3LetterCode": "BVT",
    "isoNumericalCode": 74,
    "name": "Bouvet Island",
    "numericalCode": 74,
    "official": true
  },
  {
    "alpha2": "BR",
    "alpha3": "BRA",
    "continent": "south america",
    "gazetteer": "iso",
    "id": "BR",
    "iso2LetterCode": "BR",
    "iso3LetterCode": "BRA",
    "isoNumericalCode": 76,
    "name": "Brazil",
    "numericalCode": 76,
    "official": true
  },
  {
    "alpha2": "IO",
    "alpha3": "IOT",
    "continent": "asia",
    "gazetteer": "iso",
    "id": "IO",
    "iso2LetterCode": "IO",
    "iso3LetterCode": "IOT",
    "isoNumericalCode": 86,
    "name": "British Indian Ocean Territory",
    "numericalCode": 86,
    "official": true
  },
  {
    "alpha2": "BN",
    "alpha3": "BRN",
    "continent": "asia",
    "gazetteer": "iso",
    "id": "BN",
    "iso2LetterCode": "BN",
    "iso3LetterCode": "BRN",
    "isoNumericalCode": 96,
    "name": "Brunei Darussalam",
    "numericalCode": 96,
    "official": true
  },
  {
    "alpha2": "BG",
    "alpha3": "BGR",
    "continent": "europe",
    "gazetteer": "iso",
    "id": "BG",
    "iso2LetterCode": "BG",
    "iso3LetterCode": "BGR",
    "isoNumericalCode": 100,
    "name": "Bulgaria",
    "numericalCode": 100,
    "official": true
  },
  {
    "alpha2": "BF",
    "alpha3": "BFA",
    "continent": "africa",
    "gazetteer": "iso",
    "id": "BF",
    "iso2LetterCode": "BF",
    "iso3LetterCode": "BFA",
    "isoNumericalCode": 854,
    "name": "Burkina Faso",
    "numericalCode": 854,
    "official": true
  },
  {
    "alpha2": "BI",
    "alpha3": "BDI",
    "continent": "africa",
    "gazetteer": "iso",
    "id": "BI",
    "iso2LetterCode": "BI",
    "iso3LetterCode": "BDI",
    "isoNumericalCode": 108,
    "name": "Burundi",
    "numericalCode": 108,
    "official": true
  },
  {
    "alpha2": "KH",
    "alpha3": "KHM",
    "continent": "asia",
    "gazetteer": "iso",
    "id": "KH",
    "iso2LetterCode": "KH",
    "iso3LetterCode": "KHM",
    "isoNumericalCode": 116,
    "name": "Cambodia",
    "numericalCode": 116,
    "official": true
  },
  {
    "alpha2": "CM",
    "alpha3": "CMR",
    "continent": "africa",
    "gazetteer": "iso",
    "id": "CM",
    "iso2LetterCode": "CM",
    "iso3LetterCode": "CMR",
    "isoNumericalCode": 120,
    "name": "Cameroon",
    "numericalCode": 120,
    "official": true
  },
  {
    "alpha2": "CA",
    "alpha3": "CAN",
    "continent": "north america",
    "gazetteer": "iso",
    "id": "CA",
    "iso2LetterCode": "CA",
    "iso3LetterCode": "CAN",
    "isoNumericalCode": 124,
    "name": "Canada",
    "numericalCode": 124,
    "official": true
  },
  {
    "alpha2": "CV",
    "alpha3": "CPV",
    "continent": "africa",
    "gazetteer": "iso",
    "id": "CV",
    "iso2LetterCode": "CV",
    "iso3LetterCode": "CPV",
    "isoNumericalCode": 132,
    "name": "Cape Verde",
    "numericalCode": 132,
    "official": true
  },
  {
    "alpha2": "KY",
    "alpha3": "CYM",
    "continent": "south america",
    "gazetteer": "iso",
    "id": "KY",
    "iso2LetterCode": "KY",
    "iso3LetterCode": "CYM",
    "isoNumericalCode": 136,
    "name": "Cayman Islands",
    "numericalCode": 136,
    "official": true
  },
  {
    "alpha2": "CF",
    "alpha3": "CAF",
    "continent": "africa",
    "gazetteer": "iso",
    "id": "CF",
    "iso2LetterCode": "CF",
    "iso3LetterCode": "CAF",
    "isoNumericalCode": 140,
    "name": "Central African Republic",
    "numericalCode": 140,
    "official": true
  },
  {
    "alpha2": "TD",
    "alpha3": "TCD",
    "continent": "africa",
    "gazetteer": "iso",
    "id": "TD",
    "iso2LetterCode": "TD",
    "iso3LetterCode": "TCD",
    "isoNumericalCode": 148,
    "name": "Chad",
    "numericalCode": 148,
    "official": true
  },
  {
    "alpha2": "CL",
    "alpha3": "CHL",
    "continent": "south america",
    "gazetteer": "iso",
    "id": "CL",
    "iso2LetterCode": "CL",
    "iso3LetterCode": "CHL",
    "isoNumericalCode": 152,
    "name": "Chile",
    "numericalCode": 152,
    "official": true
  },
  {
    "alpha2": "CN",
    "alpha3": "CHN",
    "continent": "asia",
    "gazetteer": "iso",
    "id": "CN",
    "iso2LetterCode": "CN",
    "iso3LetterCode": "CHN",
    "isoNumericalCode": 156,
    "name": "China",
    "numericalCode": 156,
    "official": true
  },
  {
    "alpha2": "CX",
    "alpha3": "CXR",
    "continent": "asia",
    "gazetteer": "iso",
    "id": "CX",
    "iso2LetterCode": "CX",
    "iso3LetterCode": "CXR",
    "isoNumericalCode": 162,
    "name": "Christmas Island",
    "numericalCode": 162,
    "official": true
  },
  {
    "alpha2": "CC",
    "alpha3": "CCK",
    "continent": "africa",
    "gazetteer": "iso",
    "id": "CC",
    "iso2LetterCode": "CC",
    "iso3LetterCode": "CCK",
    "isoNumericalCode": 166,
    "name": "Cocos (Keeling) Islands",
    "numericalCode": 166,
    "official": true
  },
  {
    "alpha2": "CO",
    "alpha3": "COL",
    "continent": "south america",
    "gazetteer": "iso",
    "id": "CO",
    "iso2LetterCode": "CO",
    "iso3LetterCode": "COL",
    "isoNumericalCode": 170,
    "name": "Colombia",
    "numericalCode": 170,
    "official": true
  },
  {
    "alpha2": "KM",
    "alpha3": "COM",
    "continent": "africa",
    "gazetteer": "iso",
    "id": "KM",
    "iso2LetterCode": "KM",
    "iso3LetterCode": "COM",
    "isoNumericalCode": 174,
    "name": "Comoros",
    "numericalCode": 174,
    "official": true
  },
  {
    "alpha2": "CD",
    "alpha3": "COD",
    "continent": "africa",
    "gazetteer": "iso",
    "id": "CD",
    "iso2LetterCode": "CD",
    "iso3LetterCode": "COD",
    "isoNumericalCode": 180,
    "name": "Congo, Democratic Republic of the",
    "numericalCode": 180,
    "official": true
  },
  {
    "alpha2": "CG",
    "alpha3": "COG",
    "continent": "africa",
    "gazetteer": "iso",
    "id": "CG",
    "iso2LetterCode": "CG",
    "iso3LetterCode": "COG",
    "isoNumericalCode": 178,
    "name": "Congo, Republic of the",
    "numericalCode": 178,
    "official": true
  },
  {
    "alpha2": "CK",
    "alpha3": "COK",
    "continent": "oceania",
    "gazetteer": "iso",
    "id": "CK",
    "iso2LetterCode": "CK",
    "iso3LetterCode": "COK",
    "isoNumericalCode": 184,
    "name": "Cook Islands",
    "numericalCode": 184,
    "official": true
  },
  {
    "alpha2": "CR",
    "alpha3": "CRI",
    "continent": "south america",
    "gazetteer": "iso",
    "id": "CR",
    "iso2LetterCode": "CR",
    "iso3LetterCode": "CRI",
    "isoNumericalCode": 188,
    "name": "Costa Rica",
    "numericalCode": 188,
    "official": true
  },
  {
    "alpha2": "CI",
    "alpha3": "CIV",
    "continent": "africa",
    "gazetteer": "iso",
    "id": "CI",
    "iso2LetterCode": "CI",
    "iso3LetterCode": "CIV",
    "isoNumericalCode": 384,
    "name": "Côte d'Ivoire",
    "numericalCode": 384,
    "official": true
  },
  {
    "alpha2": "HR",
    "alpha3": "HRV",
    "continent": "europe",
    "gazetteer": "iso",
    "id": "HR",
    "iso2LetterCode": "HR",
    "iso3LetterCode": "HRV",
    "isoNumericalCode": 191,
    "name": "Croatia",
    "numericalCode": 191,
    "official": true
  },
  {
    "alpha2": "CU",
    "alpha3": "CUB",
    "continent": "south america",
    "gazetteer": "iso",
    "id": "CU",
    "iso2LetterCode": "CU",
    "iso3LetterCode": "CUB",
    "isoNumericalCode": 192,
    "name": "Cuba",
    "numericalCode": 192,
    "official": true
  },
  {
    "alpha2": "CW",
    "alpha3": "CUW",
    "continent": "south america",
    "gazetteer": "iso",
    "id": "CW",
    "iso2LetterCode": "CW",
    "iso3LetterCode": "CUW",
    "isoNumericalCode": 531,
    "name": "Curaçao",
    "numericalCode": 531,
    "official": true
  },
  {
    "alpha2": "CY",
    "alpha3": "CYP",
    "continent": "europe",
    "gazetteer": "iso",
    "id": "CY",
    "iso2LetterCode": "CY",
    "iso3LetterCode": "CYP",
    "isoNumericalCode": 196,
    "name": "Cyprus",
    "numericalCode": 196,
    "official": true
  },
  {
    "alpha2": "CZ",
    "alpha3": "CZE",
    "continent": "europe",
    "gazetteer": "iso",
    "id": "CZ",
    "iso2LetterCode": "CZ",
    "iso3LetterCode": "CZE",
    "isoNumericalCode": 203,
    "name": "Czech Republic",
    "numericalCode": 203,
    "official": true
  },
  {
    "alpha2": "DK",
    "alpha3": "DNK",
    "continent": "europe",
    "gazetteer": "iso",
    "id": "DK",
    "iso2LetterCode": "DK",
    "iso3LetterCode": "DNK",
    "isoNumericalCode": 208,
    "name": "Denmark",
    "numericalCode": 208,
    "official": true
  },
  {
    "alpha2": "DJ",
    "alpha3": "DJI",
    "continent": "africa",
    "gazetteer": "iso",
    "id": "DJ",
    "iso2LetterCode": "DJ",
    "iso3LetterCode": "DJI",
    "isoNumericalCode": 262,
    "name": "Djibouti",
    "numericalCode": 262,
    "official": true
  },
  {
    "alpha2": "DM",
    "alpha3": "DMA",
    "continent": "south america",
    "gazetteer": "iso",
    "id": "DM",
    "iso2LetterCode": "DM",
    "iso3LetterCode": "DMA",
    "isoNumericalCode": 212,
    "name": "Dominica",
    "numericalCode": 212,
    "official": true
  },
  {
    "alpha2": "DO",
    "alpha3": "DOM",
    "continent": "south america",
    "gazetteer": "iso",
    "id": "DO",
    "iso2LetterCode": "DO",
    "iso3LetterCode": "DOM",
    "isoNumericalCode": 214,
    "name": "Dominican Republic",
    "numericalCode": 214,
    "official": true
  },
  {
    "alpha2": "EC",
    "alpha3": "ECU",
    "continent": "south america",
    "gazetteer": "iso",
    "id": "EC",
    "iso2LetterCode": "EC",
    "iso3LetterCode": "ECU",
    "isoNumericalCode": 218,
    "name": "Ecuador",
    "numericalCode": 218,
    "official": true
  },
  {
    "alpha2": "EG",
    "alpha3": "EGY",
    "continent": "africa",
    "gazetteer": "iso",
    "id": "EG",
    "iso2LetterCode": "EG",
    "iso3LetterCode": "EGY",
    "isoNumericalCode": 818,
    "name": "Egypt",
    "numericalCode": 818,
    "official": true
  },
  {
    "alpha2": "SV",
    "alpha3": "SLV",
    "continent": "south america",
    "gazetteer": "iso",
    "id": "SV",
    "iso2LetterCode": "SV",
    "iso3LetterCode": "SLV",
    "isoNumericalCode": 222,
    "name": "El Salvador",
    "numericalCode": 222,
    "official": true
  },
  {
    "alpha2": "GQ",
    "alpha3": "GNQ",
    "continent": "africa",
    "gazetteer": "iso",
    "id": "GQ",
    "iso2LetterCode": "GQ",
    "iso3LetterCode": "GNQ",
    "isoNumericalCode": 226,
    "name": "Equatorial Guinea",
    "numericalCode": 226,
    "official": true
  },
  {
    "alpha2": "ER",
    "alpha3": "ERI",
    "continent": "africa",
    "gazetteer": "iso",
    "id": "ER",
    "iso2LetterCode": "ER",
    "iso3LetterCode": "ERI",
    "isoNumericalCode": 232,
    "name": "Eritrea",
    "numericalCode": 232,
    "official": true
  },
  {
    "alpha2": "EE",
    "alpha3": "EST",
    "continent": "europe",
    "gazetteer": "iso",
    "id": "EE",
    "iso2LetterCode": "EE",
    "iso3LetterCode": "EST",
    "isoNumericalCode": 233,
    "name": "Estonia",
    "numericalCode": 233,
    "official": true
  },
  {
    "alpha2": "ET",
    "alpha3": "ETH",
    "continent": "africa",
    "gazetteer": "iso",
    "id": "ET",
    "iso2LetterCode": "ET",
    "iso3LetterCode": "ETH",
    "isoNumericalCode": 231,
    "name": "Ethiopia",
    "numericalCode": 231,
    "official": true
  },
  {
    "alpha2": "FK",
    "alpha3": "FLK",
    "continent": "south america",
    "gazetteer": "iso",
    "id": "FK",
    "iso2LetterCode": "FK",
    "iso3LetterCode": "FLK",
    "isoNumericalCode": 238,
    "name": "Falkland Islands (Malvinas)",
    "numericalCode": 238,
    "official": true
  },
  {
    "alpha2": "FO",
    "alpha3": "FRO",
    "continent": "europe",
    "gazetteer": "iso",
    "id": "FO",
    "iso2LetterCode": "FO",
    "iso3LetterCode": "FRO",
    "isoNumericalCode": 234,
    "name": "Faroe Islands",
    "numericalCode": 234,
    "official": true
  },
  {
    "alpha2": "FJ",
    "alpha3": "FJI",
    "continent": "oceania",
    "gazetteer": "iso",
    "id": "FJ",
    "iso2LetterCode": "FJ",
    "iso3LetterCode": "FJI",
    "isoNumericalCode": 242,
    "name": "Fiji",
    "numericalCode": 242,
    "official": true
  },
  {
    "alpha2": "FI",
    "alpha3": "FIN",
    "continent": "europe",
    "gazetteer": "iso",
    "id": "FI",
    "iso2LetterCode": "FI",
    "iso3LetterCode": "FIN",
    "isoNumericalCode": 246,
    "name": "Finland",
    "numericalCode": 246,
    "official": true
  },
  {
    "alpha2": "FR",
    "alpha3": "FRA",
    "continent": "europe",
    "gazetteer": "iso",
    "id": "FR",
    "iso2LetterCode": "FR",
    "iso3LetterCode": "FRA",
    "isoNumericalCode": 250,
    "name": "France",
    "numericalCode": 250,
    "official": true
  },
  {
    "alpha2": "GF",
    "alpha3": "GUF",
    "continent": "south america",
    "gazetteer": "iso",
    "id": "GF",
    "iso2LetterCode": "GF",
    "iso3LetterCode": "GUF",
    "isoNumericalCode": 254,
    "name": "French Guiana",
    "numericalCode": 254,
    "official": true
  },
  {
    "alpha2": "PF",
    "alpha3": "PYF",
    "continent": "oceania",
    "gazetteer": "iso",
    "id": "PF",
    "iso2LetterCode": "PF",
    "iso3LetterCode": "PYF",
    "isoNumericalCode": 258,
    "name": "French Polynesia",
    "numericalCode": 258,
    "official": true
  },
  {
    "alpha2": "TF",
    "alpha3": "ATF",
    "continent": "antarctica",
    "gazetteer": "iso",
    "id": "TF",
    "iso2LetterCode": "TF",
    "iso3LetterCode": "ATF",
    "isoNumericalCode": 260,
    "name": "French Southern Territories",
    "numericalCode": 260,
    "official": true
  },
  {
    "alpha2": "GA",
    "alpha3": "GAB",
    "continent": "africa",
    "gazetteer": "iso",
    "id": "GA",
    "iso2LetterCode": "GA",
    "iso3LetterCode": "GAB",
    "isoNumericalCode": 266,
    "name": "Gabon",
    "numericalCode": 266,
    "official": true
  },
  {
    "alpha2": "GM",
    "alpha3": "GMB",
    "continent": "africa",
    "gazetteer": "iso",
    "id": "GM",
    "iso2LetterCode": "GM",
    "iso3LetterCode": "GMB",
    "isoNumericalCode": 270,
    "name": "Gambia",
    "numericalCode": 270,
    "official": true
  },
  {
    "alpha2": "GE",
    "alpha3": "GEO",
    "continent": "europe",
    "gazetteer": "iso",
    "id": "GE",
    "iso2LetterCode": "GE",
    "iso3LetterCode": "GEO",
    "isoNumericalCode": 268,
    "name": "Georgia",
    "numericalCode": 268,
    "official": true
  },
  {
    "alpha2": "DE",
    "alpha3": "DEU",
    "continent": "europe",
    "gazetteer": "iso",
    "id": "DE",
    "iso2LetterCode": "DE",
    "iso3LetterCode": "DEU",
    "isoNumericalCode": 276,
    "name": "Germany",
    "numericalCode": 276,
    "official": true
  },
  {
    "alpha2": "GH",
    "alpha3": "GHA",
    "continent": "africa",
    "gazetteer": "iso",
    "id": "GH",
    "iso2LetterCode": "GH",
    "iso3LetterCode": "GHA",
    "isoNumericalCode": 288,
    "name": "Ghana",
    "numericalCode": 288,
    "official": true
  },
  {
    "alpha2": "GI",
    "alpha3": "GIB",
    "continent": "europe",
    "gazetteer": "iso",
    "id": "GI",
    "iso2LetterCode": "GI",
    "iso3LetterCode": "GIB",
    "isoNumericalCode": 292,
    "name": "Gibraltar",
    "numericalCode": 292,
    "official": true
  },
  {
    "alpha2": "GR",
    "alpha3": "GRC",
    "continent": "europe",
    "gazetteer": "iso",
    "id": "GR",
    "iso2LetterCode": "GR",
    "iso3LetterCode": "GRC",
    "isoNumericalCode": 300,
    "name": "Greece",
    "numericalCode": 300,
    "official": true
  },
  {
    "alpha2": "GL",
    "alpha3": "GRL",
    "continent": "europe",
    "gazetteer": "iso",
    "id": "GL",
    "iso2LetterCode": "GL",
    "iso3LetterCode": "GRL",
    "isoNumericalCode": 304,
    "name": "Greenland",
    "numericalCode": 304,
    "official": true
  },
  {
    "alpha2": "GD",
    "alpha3": "GRD",
    "continent": "south america",
    "gazetteer": "iso",
    "id": "GD",
    "iso2LetterCode": "GD",
    "iso3LetterCode": "GRD",
    "isoNumericalCode": 308,
    "name": "Grenada",
    "numericalCode": 308,
    "official": true
  },
  {
    "alpha2": "GP",
    "alpha3": "GLP",
    "continent": "south america",
    "gazetteer": "iso",
    "id": "GP",
    "iso2LetterCode": "GP",
    "iso3LetterCode": "GLP",
    "isoNumericalCode": 312,
    "name": "Guadeloupe",
    "numericalCode": 312,
    "official": true
  },
  {
    "alpha2": "GU",
    "alpha3": "GUM",
    "continent": "oceania",
    "gazetteer": "iso",
    "id": "GU",
    "iso2LetterCode": "GU",
    "iso3LetterCode": "GUM",
    "isoNumericalCode": 316,
    "name": "Guam",
    "numericalCode": 316,
    "official": true
  },
  {
    "alpha2": "GT",
    "alpha3": "GTM",
    "continent": "south america",
    "gazetteer": "iso",
    "id": "GT",
    "iso2LetterCode": "GT",
    "iso3LetterCode": "GTM",
    "isoNumericalCode": 320,
    "name": "Guatemala",
    "numericalCode": 320,
    "official": true
  },
  {
    "alpha2": "GG",
    "alpha3": "GGY",
    "continent": "europe",
    "gazetteer": "iso",
    "id": "GG",
    "iso2LetterCode": "GG",
    "iso3LetterCode": "GGY",
    "isoNumericalCode": 831,
    "name": "Guernsey",
    "numericalCode": 831,
    "official": true
  },
  {
    "alpha2": "GN",
    "alpha3": "GIN",
    "continent": "africa",
    "gazetteer": "iso",
    "id": "GN",
    "iso2LetterCode": "GN",
    "iso3LetterCode": "GIN",
    "isoNumericalCode": 324,
    "name": "Guinea",
    "numericalCode": 324,
    "official": true
  },
  {
    "alpha2": "GW",
    "alpha3": "GNB",
    "continent": "africa",
    "gazetteer": "iso",
    "id": "GW",
    "iso2LetterCode": "GW",
    "iso3LetterCode": "GNB",
    "isoNumericalCode": 624,
    "name": "Guinea-Bissau",
    "numericalCode": 624,
    "official": true
  },
  {
    "alpha2": "GY",
    "alpha3": "GUY",
    "continent": "south america",
    "gazetteer": "iso",
    "id": "GY",
    "iso2LetterCode": "GY",
    "iso3LetterCode": "GUY",
    "isoNumericalCode": 328,
    "name": "Guyana",
    "numericalCode": 328,
    "official": true
  },
  {
    "alpha2": "HT",
    "alpha3": "HTI",
    "continent": "south america",
    "gazetteer": "iso",
    "id": "HT",
    "iso2LetterCode": "HT",
    "iso3LetterCode": "HTI",
    "isoNumericalCode": 332,
    "name": "Haiti",
    "numericalCode": 332,
    "official": true
  },
  {
    "alpha2": "HM",
    "alpha3": "HMD",
    "continent": "antarctica",
    "gazetteer": "iso",
    "id": "HM",
    "iso2LetterCode": "HM",
    "iso3LetterCode": "HMD",
    "isoNumericalCode": 334,
    "name": "Heard Island and McDonald Islands",
    "numericalCode": 334,
    "official": true
  },
  {
    "alpha2": "VA",
    "alpha3": "VAT",
    "continent": "europe",
    "gazetteer": "iso",
    "id": "VA",
    "iso2LetterCode": "VA",
    "iso3LetterCode": "VAT",
    "isoNumericalCode": 336,
    "name": "Holy See",
    "numericalCode": 336,
    "official": true
  },
  {
    "alpha2": "HN",
    "alpha3": "HND",
    "continent": "south america",
    "gazetteer": "iso",
    "id": "HN",
    "iso2LetterCode": "HN",
    "iso3LetterCode": "HND",
    "isoNumericalCode": 340,
    "name": "Honduras",
    "numericalCode": 340,
    "official": true
  },
  {
    "alpha2": "HK",
    "alpha3": "HKG",
    "continent": "asia",
    "gazetteer": "iso",
    "id": "HK",
    "iso2LetterCode": "HK",
    "iso3LetterCode": "HKG",
    "isoNumericalCode": 344,
    "name": "Hong Kong",
    "numericalCode": 344,
    "official": true
  },
  {
    "alpha2": "HU",
    "alpha3": "HUN",
    "continent": "europe",
    "gazetteer": "iso",
    "id": "HU",
    "iso2LetterCode": "HU",
    "iso3LetterCode": "HUN",
    "isoNumericalCode": 348,
    "name": "Hungary",
    "numericalCode": 348,
    "official": true
  },
  {
    "alpha2": "IS",
    "alpha3": "ISL",
    "continent": "europe",
    "gazetteer": "iso",
    "id": "IS",
    "iso2LetterCode": "IS",
    "iso3LetterCode": "ISL",
    "isoNumericalCode": 352,
    "name": "Iceland",
    "numericalCode": 352,
    "official": true
  },
  {
    "alpha2": "IN",
    "alpha3": "IND",
    "continent": "asia",
    "gazetteer": "iso",
    "id": "IN",
    "iso2LetterCode": "IN",
    "iso3LetterCode": "IND",
    "isoNumericalCode": 356,
    "name": "India",
    "numericalCode": 356,
    "official": true
  },
  {
    "alpha2": "ID",
    "alpha3": "IDN",
    "continent": "asia",
    "gazetteer": "iso",
    "id": "ID",
    "iso2LetterCode": "ID",
    "iso3LetterCode": "IDN",
    "isoNumericalCode": 360,
    "name": "Indonesia",
    "numericalCode": 360,
    "official": true
  },
  {
    "alpha2": "IR",
    "alpha3": "IRN",
    "continent": "asia",
    "gazetteer": "iso",
    "id": "IR",
    "iso2LetterCode": "IR",
    "iso3LetterCode": "IRN",
    "isoNumericalCode": 364,
    "name": "Iran, Islamic Republic of",
    "numericalCode": 364,
    "official": true
  },
  {
    "alpha2": "IQ",
    "alpha3": "IRQ",
    "continent": "asia",
    "gazetteer": "iso",
    "id": "IQ",
    "iso2LetterCode": "IQ",
    "iso3LetterCode": "IRQ",
    "isoNumericalCode": 368,
    "name": "Iraq",
    "numericalCode": 368,
    "official": true
  },
  {
    "alpha2": "IE",
    "alpha3": "IRL",
    "continent": "europe",
    "gazetteer": "iso",
    "id": "IE",
    "iso2LetterCode": "IE",
    "iso3LetterCode": "IRL",
    "isoNumericalCode": 372,
    "name": "Ireland",
    "numericalCode": 372,
    "official": true
  },
  {
    "alpha2": "IM",
    "alpha3": "IMN",
    "continent": "europe",
    "gazetteer": "iso",
    "id": "IM",
    "iso2LetterCode": "IM",
    "iso3LetterCode": "IMN",
    "isoNumericalCode": 833,
    "name": "Isle of Man",
    "numericalCode": 833,
    "official": true
  },
  {
    "alpha2": "IL",
    "alpha3": "ISR",
    "continent": "europe",
    "gazetteer": "iso",
    "id": "IL",
    "iso2LetterCode": "IL",
    "iso3LetterCode": "ISR",
    "isoNumericalCode": 376,
    "name": "Israel",
    "numericalCode": 376,
    "official": true
  },
  {
    "alpha2": "IT",
    "alpha3": "ITA",
    "continent": "europe",
    "gazetteer": "iso",
    "id": "IT",
    "iso2LetterCode": "IT",
    "iso3LetterCode": "ITA",
    "isoNumericalCode": 380,
    "name": "Italy",
    "numericalCode": 380,
    "official": true
  },
  {
    "alpha2": "JM",
    "alpha3": "JAM",
    "continent": "south america",
    "gazetteer": "iso",
    "id": "JM",
    "iso2LetterCode": "JM",
    "iso3LetterCode": "JAM",
    "isoNumericalCode": 388,
    "name": "Jamaica",
    "numericalCode": 388,
    "official": true
  },
  {
    "alpha2": "JP",
    "alpha3": "JPN",
    "continent": "asia",
    "gazetteer": "iso",
    "id": "JP",
    "iso2LetterCode": "JP",
    "iso3LetterCode": "JPN",
    "isoNumericalCode": 392,
    "name": "Japan",
    "numericalCode": 392,
    "official": true
  },
  {
    "alpha2": "JE",
    "alpha3": "JEY",
    "continent": "europe",
    "gazetteer": "iso",
    "id": "JE",
    "iso2LetterCode": "JE",
    "iso3LetterCode": "JEY",
    "isoNumericalCode": 832,
    "name": "Jersey",
    "numericalCode": 832,
    "official": true
  },
  {
    "alpha2": "JO",
    "alpha3": "JOR",
    "continent": "asia",
    "gazetteer": "iso",
    "id": "JO",
    "iso2LetterCode": "JO",
    "iso3LetterCode": "JOR",
    "isoNumericalCode": 400,
    "name": "Jordan",
    "numericalCode": 400,
    "official": true
  },
  {
    "alpha2": "KZ",
    "alpha3": "KAZ",
    "continent": "europe",
    "gazetteer": "iso",
    "id": "KZ",
    "iso2LetterCode": "KZ",
    "iso3LetterCode": "KAZ",
    "isoNumericalCode": 398,
    "name": "Kazakhstan",
    "numericalCode": 398,
    "official": true
  },
  {
    "alpha2": "KE",
    "alpha3": "KEN",
    "continent": "africa",
    "gazetteer": "iso",
    "id": "KE",
    "iso2LetterCode": "KE",
    "iso3LetterCode": "KEN",
    "isoNumericalCode": 404,
    "name": "Kenya",
    "numericalCode": 404,
    "official": true
  },
  {
    "alpha2": "KI",
    "alpha3": "KIR",
    "continent": "oceania",
    "gazetteer": "iso",
    "id": "KI",
    "iso2LetterCode": "KI",
    "iso3LetterCode": "KIR",
    "isoNumericalCode": 296,
    "name": "Kiribati",
    "numericalCode": 296,
    "official": true
  },
  {
    "alpha2": "KP",
    "alpha3": "PRK",
    "continent": "asia",
    "gazetteer": "iso",
    "id": "KP",
    "iso2LetterCode": "KP",
    "iso3LetterCode": "PRK",
    "isoNumericalCode": 408,
    "name": "Korea, Democratic People's Republic of",
    "numericalCode": 408,
    "official": true
  },
  {
    "alpha2": "KR",
    "alpha3": "KOR",
    "continent": "asia",
    "gazetteer": "iso",
    "id": "KR",
    "iso2LetterCode": "KR",
    "iso3LetterCode": "KOR",
    "isoNumericalCode": 410,
    "name": "Korea, Republic of",
    "numericalCode": 410,
    "official": true
  },
  {
    "alpha2": "XK",
    "alpha3": "XKX",
    "continent": "europe",
    "gazetteer": "iso",
    "id": "XK",
    "iso2LetterCode": "XK",
    "iso3LetterCode": "XKX",
    "isoNumericalCode": 902,
    "name": "Kosovo",
    "numericalCode": 902,
    "official": true
  },
  {
    "alpha2": "KW",
    "alpha3": "KWT",
    "continent": "asia",
    "gazetteer": "iso",
    "id": "KW",
    "iso2LetterCode": "KW",
    "iso3LetterCode": "KWT",
    "isoNumericalCode": 414,
    "name": "Kuwait",
    "numericalCode": 414,
    "official": true
  },
  {
    "alpha2": "KG",
    "alpha3": "KGZ",
    "continent": "europe",
    "gazetteer": "iso",
    "id": "KG",
    "iso2LetterCode": "KG",
    "iso3LetterCode": "KGZ",
    "isoNumericalCode": 417,
    "name": "Kyrgyzstan",
    "numericalCode": 417,
    "official": true
  },
  {
    "alpha2": "LA",
    "alpha3": "LAO",
    "continent": "asia",
    "gazetteer": "iso",
    "id": "LA",
    "iso2LetterCode": "LA",
    "iso3LetterCode": "LAO",
    "isoNumericalCode": 418,
    "name": "Lao People's Democratic Republic",
    "numericalCode": 418,
    "official": true
  },
  {
    "alpha2": "LV",
    "alpha3": "LVA",
    "continent": "europe",
    "gazetteer": "iso",
    "id": "LV",
    "iso2LetterCode": "LV",
    "iso3LetterCode": "LVA",
    "isoNumericalCode": 428,
    "name": "Latvia",
    "numericalCode": 428,
    "official": true
  },
  {
    "alpha2": "LB",
    "alpha3": "LBN",
    "continent": "asia",
    "gazetteer": "iso",
    "id": "LB",
    "iso2LetterCode": "LB",
    "iso3LetterCode": "LBN",
    "isoNumericalCode": 422,
    "name": "Lebanon",
    "numericalCode": 422,
    "official": true
  },
  {
    "alpha2": "LS",
    "alpha3": "LSO",
    "continent": "africa",
    "gazetteer": "iso",
    "id": "LS",
    "iso2LetterCode": "LS",
    "iso3LetterCode": "LSO",
    "isoNumericalCode": 426,
    "name": "Lesotho",
    "numericalCode": 426,
    "official": true
  },
  {
    "alpha2": "LR",
    "alpha3": "LBR",
    "continent": "africa",
    "gazetteer": "iso",
    "id": "LR",
    "iso2LetterCode": "LR",
    "iso3LetterCode": "LBR",
    "isoNumericalCode": 430,
    "name": "Liberia",
    "numericalCode": 430,
    "official": true
  },
  {
    "alpha2": "LY",
    "alpha3": "LBY",
    "continent": "africa",
    "gazetteer": "iso",
    "id": "LY",
    "iso2LetterCode": "LY",
    "iso3LetterCode": "LBY",
    "isoNumericalCode": 434,
    "name": "Libya",
    "numericalCode": 434,
    "official": true
  },
  {
    "alpha2": "LI",
    "alpha3": "LIE",
    "continent": "europe",
    "gazetteer": "iso",
    "id": "LI",
    "iso2LetterCode": "LI",
    "iso3LetterCode": "LIE",
    "isoNumericalCode": 438,
    "name": "Liechtenstein",
    "numericalCode": 438,
    "official": true
  },
  {
    "alpha2": "LT",
    "alpha3": "LTU",
    "continent": "europe",
    "gazetteer": "iso",
    "id": "LT",
    "iso2LetterCode": "LT",
    "iso3LetterCode": "LTU",
    "isoNumericalCode": 440,
    "name": "Lithuania",
    "numericalCode": 440,
    "official": true
  },
  {
    "alpha2": "LU",
    "alpha3": "LUX",
    "continent": "europe",
    "gazetteer": "iso",
    "id": "LU",
    "iso2LetterCode": "LU",
    "iso3LetterCode": "LUX",
    "isoNumericalCode": 442,
    "name": "Luxembourg",
    "numericalCode": 442,
    "official": true
  },
  {
    "alpha2": "MO",
    "alpha3": "MAC",
    "continent": "asia",
    "gazetteer": "iso",
    "id": "MO",
    "iso2LetterCode": "MO",
    "iso3LetterCode": "MAC",
    "isoNumericalCode": 446,
    "name": "Macao",
    "numericalCode": 446,
    "official": true
  },
  {
    "alpha2": "MK",
    "alpha3": "MKD",
    "continent": "europe",
    "gazetteer": "iso",
    "id": "MK",
    "iso2LetterCode": "MK",
    "iso3LetterCode": "MKD",
    "isoNumericalCode": 807,
    "name": "North Macedonia",
    "numericalCode": 807,
    "official": true
  },
  {
    "alpha2": "MG",
    "alpha3": "MDG",
    "continent": "africa",
    "gazetteer": "iso",
    "id": "MG",
    "iso2LetterCode": "MG",
    "iso3LetterCode": "MDG",
    "isoNumericalCode": 450,
    "name": "Madagascar",
    "numericalCode": 450,
    "official": true
  },
  {
    "alpha2": "MW",
    "alpha3": "MWI",
    "continent": "africa",
    "gazetteer": "iso",
    "id": "MW",
    "iso2LetterCode": "MW",
    "iso3LetterCode": "MWI",
    "isoNumericalCode": 454,
    "name": "Malawi",
    "numericalCode": 454,
    "official": true
  },
  {
    "alpha2": "MY",
    "alpha3": "MYS",
    "continent": "asia",
    "gazetteer": "iso",
    "id": "MY",
    "iso2LetterCode": "MY",
    "iso3LetterCode": "MYS",
    "isoNumericalCode": 458,
    "name": "Malaysia",
    "numericalCode": 458,
    "official": true
  },
  {
    "alpha2": "MV",
    "alpha3": "MDV",
    "continent": "asia",
    "gazetteer": "iso",
    "id": "MV",
    "iso2LetterCode": "MV",
    "iso3LetterCode": "MDV",
    "isoNumericalCode": 462,
    "name": "Maldives",
    "numericalCode": 462,
    "official": true
  },
  {
    "alpha2": "ML",
    "alpha3": "MLI",
    "continent": "africa",
    "gazetteer": "iso",
    "id": "ML",
    "iso2LetterCode": "ML",
    "iso3LetterCode": "MLI",
    "isoNumericalCode": 466,
    "name": "Mali",
    "numericalCode": 466,
    "official": true
  },
  {
    "alpha2": "MT",
    "alpha3": "MLT",
    "continent": "europe",
    "gazetteer": "iso",
    "id": "MT",
    "iso2LetterCode": "MT",
    "iso3LetterCode": "MLT",
    "isoNumericalCode": 470,
    "name": "Malta",
    "numericalCode": 470,
    "official": true
  },
  {
    "alpha2": "MH",
    "alpha3": "MHL",
    "continent": "oceania",
    "gazetteer": "iso",
    "id": "MH",
    "iso2LetterCode": "MH",
    "iso3LetterCode": "MHL",
    "isoNumericalCode": 584,
    "name": "Marshall Islands",
    "numericalCode": 584,
    "official": true
  },
  {
    "alpha2": "MQ",
    "alpha3": "MTQ",
    "continent": "south america",
    "gazetteer": "iso",
    "id": "MQ",
    "iso2LetterCode": "MQ",
    "iso3LetterCode": "MTQ",
    "isoNumericalCode": 474,
    "name": "Martinique",
    "numericalCode": 474,
    "official": true
  },
  {
    "alpha2": "MR",
    "alpha3": "MRT",
    "continent": "africa",
    "gazetteer": "iso",
    "id": "MR",
    "iso2LetterCode": "MR",
    "iso3LetterCode": "MRT",
    "isoNumericalCode": 478,
    "name": "Mauritania",
    "numericalCode": 478,
    "official": true
  },
  {
    "alpha2": "MU",
    "alpha3": "MUS",
    "continent": "africa",
    "gazetteer": "iso",
    "id": "MU",
    "iso2LetterCode": "MU",
    "iso3LetterCode": "MUS",
    "isoNumericalCode": 480,
    "name": "Mauritius",
    "numericalCode": 480,
    "official": true
  },
  {
    "alpha2": "YT",
    "alpha3": "MYT",
    "continent": "africa",
    "gazetteer": "iso",
    "id": "YT",
    "iso2LetterCode": "YT",
    "iso3LetterCode": "MYT",
    "isoNumericalCode": 175,
    "name": "Mayotte",
    "numericalCode": 175,
    "official": true
  },
  {
    "alpha2": "MX",
    "alpha3": "MEX",
    "continent": "south america",
    "gazetteer": "iso",
    "id": "MX",
    "iso2LetterCode": "MX",
    "iso3LetterCode": "MEX",
    "isoNumericalCode": 484,
    "name": "Mexico",
    "numericalCode": 484,
    "official": true
  },
  {
    "alpha2": "FM",
    "alpha3": "FSM",
    "continent": "oceania",
    "gazetteer": "iso",
    "id": "FM",
    "iso2LetterCode": "FM",
    "iso3LetterCode": "FSM",
    "isoNumericalCode": 583,
    "name": "Micronesia, Federated States of",
    "numericalCode": 583,
    "official": true
  },
  {
    "alpha2": "MD",
    "alpha3": "MDA",
    "continent": "europe",
    "gazetteer": "iso",
    "id": "MD",
    "iso2LetterCode": "MD",
    "iso3LetterCode": "MDA",
    "isoNumericalCode": 498,
    "name": "Moldova, Republic of",
    "numericalCode": 498,
    "official": true
  },
  {
    "alpha2": "MC",
    "alpha3": "MCO",
    "continent": "europe",
    "gazetteer": "iso",
    "id": "MC",
    "iso2LetterCode": "MC",
    "iso3LetterCode": "MCO",
    "isoNumericalCode": 492,
    "name": "Monaco",
    "numericalCode": 492,
    "official": true
  },
  {
    "alpha2": "MN",
    "alpha3": "MNG",
    "continent": "asia",
    "gazetteer": "iso",
    "id": "MN",
    "iso2LetterCode": "MN",
    "iso3LetterCode": "MNG",
    "isoNumericalCode": 496,
    "name": "Mongolia",
    "numericalCode": 496,
    "official": true
  },
  {
    "alpha2": "ME",
    "alpha3": "MNE",
    "continent": "europe",
    "gazetteer": "iso",
    "id": "ME",
    "iso2LetterCode": "ME",
    "iso3LetterCode": "MNE",
    "isoNumericalCode": 499,
    "name": "Montenegro",
    "numericalCode": 499,
    "official": true
  },
  {
    "alpha2": "MS",
    "alpha3": "MSR",
    "continent": "south america",
    "gazetteer": "iso",
    "id": "MS",
    "iso2LetterCode": "MS",
    "iso3LetterCode": "MSR",
    "isoNumericalCode": 500,
    "name": "Montserrat",
    "numericalCode": 500,
    "official": true
  },
  {
    "alpha2": "MA",
    "alpha3": "MAR",
    "continent": "africa",
    "gazetteer": "iso",
    "id": "MA",
    "iso2LetterCode": "MA",
    "iso3LetterCode": "MAR",
    "isoNumericalCode": 504,
    "name": "Morocco",
    "numericalCode": 504,
    "official": true
  },
  {
    "alpha2": "MZ",
    "alpha3": "MOZ",
    "continent": "africa",
    "gazetteer": "iso",
    "id": "MZ",
    "iso2LetterCode": "MZ",
    "iso3LetterCode": "MOZ",
    "isoNumericalCode": 508,
    "name": "Mozambique",
    "numericalCode": 508,
    "official": true
  },
  {
    "alpha2": "MM",
    "alpha3": "MMR",
    "continent": "asia",
    "gazetteer": "iso",
    "id": "MM",
    "iso2LetterCode": "MM",
    "iso3LetterCode": "MMR",
    "isoNumericalCode": 104,
    "name": "Myanmar",
    "numericalCode": 104,
    "official": true
  },
  {
    "alpha2": "NA",
    "alpha3": "NAM",
    "continent": "africa",
    "gazetteer": "iso",
    "id": "NA",
    "iso2LetterCode": "NA",
    "iso3LetterCode": "NAM",
    "isoNumericalCode": 516,
    "name": "Namibia",
    "numericalCode": 516,
    "official": true
  },
  {
    "alpha2": "NR",
    "alpha3": "NRU",
    "continent": "oceania",
    "gazetteer": "iso",
    "id": "NR",
    "iso2LetterCode": "NR",
    "iso3LetterCode": "NRU",
    "isoNumericalCode": 520,
    "name": "Nauru",
    "numericalCode": 520,
    "official": true
  },
  {
    "alpha2": "NP",
    "alpha3": "NPL",
    "continent": "asia",
    "gazetteer": "iso",
    "id": "NP",
    "iso2LetterCode": "NP",
    "iso3LetterCode": "NPL",
    "isoNumericalCode": 524,
    "name": "Nepal",
    "numericalCode": 524,
    "official": true
  },
  {
    "alpha2": "NL",
    "alpha3": "NLD",
    "continent": "europe",
    "gazetteer": "iso",
    "id": "NL",
    "iso2LetterCode": "NL",
    "iso3LetterCode": "NLD",
    "isoNumericalCode": 528,
    "name": "Netherlands",
    "numericalCode": 528,
    "official": true
  },
  {
    "alpha2": "NC",
    "alpha3": "NCL",
    "continent": "oceania",
    "gazetteer": "iso",
    "id": "NC",
    "iso2LetterCode": "NC",
    "iso3LetterCode": "NCL",
    "isoNumericalCode": 540,
    "name": "New Caledonia",
    "numericalCode": 540,
    "official": true
  },
  {
    "alpha2": "NZ",
    "alpha3": "NZL",
    "continent": "oceania",
    "gazetteer": "iso",
    "id": "NZ",
    "iso2LetterCode": "NZ",
    "iso3LetterCode": "NZL",
    "isoNumericalCode": 554,
    "name": "New Zealand",
    "numericalCode": 554,
    "official": true
  },
  {
    "alpha2": "NI",
    "alpha3": "NIC",
    "continent": "south america",
    "gazetteer": "iso",
    "id": "NI",
    "iso2LetterCode": "NI",
    "iso3LetterCode": "NIC",
    "isoNumericalCode": 558,
    "name": "Nicaragua",
    "numericalCode": 558,
    "official": true
  },
  {
    "alpha2": "NE",
    "alpha3": "NER",
    "continent": "africa",
    "gazetteer": "iso",
    "id": "NE",
    "iso2LetterCode": "NE",
    "iso3LetterCode": "NER",
    "isoNumericalCode": 562,
    "name": "Niger",
    "numericalCode": 562,
    "official": true
  },
  {
    "alpha2": "NG",
    "alpha3": "NGA",
    "continent": "africa",
    "gazetteer": "iso",
    "id": "NG",
    "iso2LetterCode": "NG",
    "iso3LetterCode": "NGA",
    "isoNumericalCode": 566,
    "name": "Nigeria",
    "numericalCode": 566,
    "official": true
  },
  {
    "alpha2": "NU",
    "alpha3": "NIU",
    "continent": "oceania",
    "gazetteer": "iso",
    "id": "NU",
    "iso2LetterCode": "NU",
    "iso3LetterCode": "NIU",
    "isoNumericalCode": 570,
    "name": "Niue",
    "numericalCode": 570,
    "official": true
  },
  {
    "alpha2": "NF",
    "alpha3": "NFK",
    "continent": "oceania",
    "gazetteer": "iso",
    "id": "NF",
    "iso2LetterCode": "NF",
    "iso3LetterCode": "NFK",
    "isoNumericalCode": 574,
    "name": "Norfolk Island",
    "numericalCode": 574,
    "official": true
  },
  {
    "alpha2": "MP",
    "alpha3": "MNP",
    "continent": "oceania",
    "gazetteer": "iso",
    "id": "MP",
    "iso2LetterCode": "MP",
    "iso3LetterCode": "MNP",
    "isoNumericalCode": 580,
    "name": "Northern Mariana Islands",
    "numericalCode": 580,
    "official": true
  },
  {
    "alpha2": "NO",
    "alpha3": "NOR",
    "continent": "europe",
    "gazetteer": "iso",
    "id": "NO",
    "iso2LetterCode": "NO",
    "iso3LetterCode": "NOR",
    "isoNumericalCode": 578,
    "name": "Norway",
    "numericalCode": 578,
    "official": true
  },
  {
    "alpha2": "OM",
    "alpha3": "OMN",
    "continent": "asia",
    "gazetteer": "iso",
    "id": "OM",
    "iso2LetterCode": "OM",
    "iso3LetterCode": "OMN",
    "isoNumericalCode": 512,
    "name": "Oman",
    "numericalCode": 512,
    "official": true
  },
  {
    "alpha2": "PK",
    "alpha3": "PAK",
    "continent": "asia",
    "gazetteer": "iso",
    "id": "PK",
    "iso2LetterCode": "PK",
    "iso3LetterCode": "PAK",
    "isoNumericalCode": 586,
    "name": "Pakistan",
    "numericalCode": 586,
    "official": true
  },
  {
    "alpha2": "PW",
    "alpha3": "PLW",
    "continent": "oceania",
    "gazetteer": "iso",
    "id": "PW",
    "iso2LetterCode": "PW",
    "iso3LetterCode": "PLW",
    "isoNumericalCode": 585,
    "name": "Palau",
    "numericalCode": 585,
    "official": true
  },
  {
    "alpha2": "PS",
    "alpha3": "PSE",
    "continent": "asia",
    "gazetteer": "iso",
    "id": "PS",
    "iso2LetterCode": "PS",
    "iso3LetterCode": "PSE",
    "isoNumericalCode": 275,
    "name": "Palestine, State Of",
    "numericalCode": 275,
    "official": true
  },
  {
    "alpha2": "PA",
    "alpha3": "PAN",
    "continent": "south america",
    "gazetteer": "iso",
    "id": "PA",
    "iso2LetterCode": "PA",
    "iso3LetterCode": "PAN",
    "isoNumericalCode": 591,
    "name": "Panama",
    "numericalCode": 591,
    "official": true
  },
  {
    "alpha2": "PG",
    "alpha3": "PNG",
    "continent": "oceania",
    "gazetteer": "iso",
    "id": "PG",
    "iso2LetterCode": "PG",
    "iso3LetterCode": "PNG",
    "isoNumericalCode": 598,
    "name": "Papua New Guinea",
    "numericalCode": 598,
    "official": true
  },
  {
    "alpha2": "PY",
    "alpha3": "PRY",
    "continent": "south america",
    "gazetteer": "iso",
    "id": "PY",
    "iso2LetterCode": "PY",
    "iso3LetterCode": "PRY",
    "isoNumericalCode": 600,
    "name": "Paraguay",
    "numericalCode": 600,
    "official": true
  },
  {
    "alpha2": "PE",
    "alpha3": "PER",
    "continent": "south america",
    "gazetteer": "iso",
    "id": "PE",
    "iso2LetterCode": "PE",
    "iso3LetterCode": "PER",
    "isoNumericalCode": 604,
    "name": "Peru",
    "numericalCode": 604,
    "official": true
  },
  {
    "alpha2": "PH",
    "alpha3": "PHL",
    "continent": "asia",
    "gazetteer": "iso",
    "id": "PH",
    "iso2LetterCode": "PH",
    "iso3LetterCode": "PHL",
    "isoNumericalCode": 608,
    "name": "Philippines",
    "numericalCode": 608,
    "official": true
  },
  {
    "alpha2": "PN",
    "alpha3": "PCN",
    "continent": "oceania",
    "gazetteer": "iso",
    "id": "PN",
    "iso2LetterCode": "PN",
    "iso3LetterCode": "PCN",
    "isoNumericalCode": 612,
    "name": "Pitcairn",
    "numericalCode": 612,
    "official": true
  },
  {
    "alpha2": "PL",
    "alpha3": "POL",
    "continent": "europe",
    "gazetteer": "iso",
    "id": "PL",
    "iso2LetterCode": "PL",
    "iso3LetterCode": "POL",
    "isoNumericalCode": 616,
    "name": "Poland",
    "numericalCode": 616,
    "official": true
  },
  {
    "alpha2": "PT",
    "alpha3": "PRT",
    "continent": "europe",
    "gazetteer": "iso",
    "id": "PT",
    "iso2LetterCode": "PT",
    "iso3LetterCode": "PRT",
    "isoNumericalCode": 620,
    "name": "Portugal",
    "numericalCode": 620,
    "official": true
  },
  {
    "alpha2": "PR",
    "alpha3": "PRI",
    "continent": "south america",
    "gazetteer": "iso",
    "id": "PR",
    "iso2LetterCode": "PR",
    "iso3LetterCode": "PRI",
    "isoNumericalCode": 630,
    "name": "Puerto Rico",
    "numericalCode": 630,
    "official": true
  },
  {
    "alpha2": "QA",
    "alpha3": "QAT",
    "continent": "asia",
    "gazetteer": "iso",
    "id": "QA",
    "iso2LetterCode": "QA",
    "iso3LetterCode": "QAT",
    "isoNumericalCode": 634,
    "name": "Qatar",
    "numericalCode": 634,
    "official": true
  },
  {
    "alpha2": "RE",
    "alpha3": "REU",
    "continent": "africa",
    "gazetteer": "iso",
    "id": "RE",
    "iso2LetterCode": "RE",
    "iso3LetterCode": "REU",
    "isoNumericalCode": 638,
    "name": "Réunion",
    "numericalCode": 638,
    "official": true
  },
  {
    "alpha2": "RO",
    "alpha3": "ROU",
    "continent": "europe",
    "gazetteer": "iso",
    "id": "RO",
    "iso2LetterCode": "RO",
    "iso3LetterCode": "ROU",
    "isoNumericalCode": 642,
    "name": "Romania",
    "numericalCode": 642,
    "official": true
  },
  {
    "alpha2": "RU",
    "alpha3": "RUS",
    "continent": "europe",
    "gazetteer": "iso",
    "id": "RU",
    "iso2LetterCode": "RU",
    "iso3LetterCode": "RUS",
    "isoNumericalCode": 643,
    "name": "Russian Federation",
    "numericalCode": 643,
    "official": true
  },
  {
    "alpha2": "RW",
    "alpha3": "RWA",
    "continent": "africa",
    "gazetteer": "iso",
    "id": "RW",
    "iso2LetterCode": "RW",
    "iso3LetterCode": "RWA",
    "isoNumericalCode": 646,
    "name": "Rwanda",
    "numericalCode": 646,
    "official": true
  },
  {
    "alpha2": "BL",
    "alpha3": "BLM",
    "continent": "south america",
    "gazetteer": "iso",
    "id": "BL",
    "iso2LetterCode": "BL",
    "iso3LetterCode": "BLM",
    "isoNumericalCode": 652,
    "name": "Saint Barthélemy",
    "numericalCode": 652,
    "official": true
  },
  {
    "alpha2": "SH",
    "alpha3": "SHN",
    "continent": "africa",
    "gazetteer": "iso",
    "id": "SH",
    "iso2LetterCode": "SH",
    "iso3LetterCode": "SHN",
    "isoNumericalCode": 654,
    "name": "Saint Helena, Ascension and Tristan da Cunha",
    "numericalCode": 654,
    "official": true
  },
  {
    "alpha2": "KN",
    "alpha3": "KNA",
    "continent": "south america",
    "gazetteer": "iso",
    "id": "KN",
    "iso2LetterCode": "KN",
    "iso3LetterCode": "KNA",
    "isoNumericalCode": 659,
    "name": "Saint Kitts and Nevis",
    "numericalCode": 659,
    "official": true
  },
  {
    "alpha2": "LC",
    "alpha3": "LCA",
    "continent": "south america",
    "gazetteer": "iso",
    "id": "LC",
    "iso2LetterCode": "LC",
    "iso3LetterCode": "LCA",
    "isoNumericalCode": 662,
    "name": "Saint Lucia",
    "numericalCode": 662,
    "official": true
  },
  {
    "alpha2": "MF",
    "alpha3": "MAF",
    "continent": "south america",
    "gazetteer": "iso",
    "id": "MF",
    "iso2LetterCode": "MF",
    "iso3LetterCode": "MAF",
    "isoNumericalCode": 663,
    "name": "Saint Martin (French part)",
    "numericalCode": 663,
    "official": true
  },
  {
    "alpha2": "PM",
    "alpha3": "SPM",
    "continent": "north america",
    "gazetteer": "iso",
    "id": "PM",
    "iso2LetterCode": "PM",
    "iso3LetterCode": "SPM",
    "isoNumericalCode": 666,
    "name": "Saint Pierre and Miquelon",
    "numericalCode": 666,
    "official": true
  },
  {
    "alpha2": "VC",
    "alpha3": "VCT",
    "continent": "south america",
    "gazetteer": "iso",
    "id": "VC",
    "iso2LetterCode": "VC",
    "iso3LetterCode": "VCT",
    "isoNumericalCode": 670,
    "name": "Saint Vincent and the Grenadines",
    "numericalCode": 670,
    "official": true
  },
  {
    "alpha2": "WS",
    "alpha3": "WSM",
    "continent": "oceania",
    "gazetteer": "iso",
    "id": "WS",
    "iso2LetterCode": "WS",
    "iso3LetterCode": "WSM",
    "isoNumericalCode": 882,
    "name": "Samoa",
    "numericalCode": 882,
    "official": true
  },
  {
    "alpha2": "SM",
    "alpha3": "SMR",
    "continent": "europe",
    "gazetteer": "iso",
    "id": "SM",
    "iso2LetterCode": "SM",
    "iso3LetterCode": "SMR",
    "isoNumericalCode": 674,
    "name": "San Marino",
    "numericalCode": 674,
    "official": true
  },
  {
    "alpha2": "ST",
    "alpha3": "STP",
    "continent": "africa",
    "gazetteer": "iso",
    "id": "ST",
    "iso2LetterCode": "ST",
    "iso3LetterCode": "STP",
    "isoNumericalCode": 678,
    "name": "Sao Tome and Principe",
    "numericalCode": 678,
    "official": true
  },
  {
    "alpha2": "SA",
    "alpha3": "SAU",
    "continent": "asia",
    "gazetteer": "iso",
    "id": "SA",
    "iso2LetterCode": "SA",
    "iso3LetterCode": "SAU",
    "isoNumericalCode": 682,
    "name": "Saudi Arabia",
    "numericalCode": 682,
    "official": true
  },
  {
    "alpha2": "SN",
    "alpha3": "SEN",
    "continent": "africa",
    "gazetteer": "iso",
    "id": "SN",
    "iso2LetterCode": "SN",
    "iso3LetterCode": "SEN",
    "isoNumericalCode": 686,
    "name": "Senegal",
    "numericalCode": 686,
    "official": true
  },
  {
    "alpha2": "RS",
    "alpha3": "SRB",
    "continent": "europe",
    "gazetteer": "iso",
    "id": "RS",
    "iso2LetterCode": "RS",
    "iso3LetterCode": "SRB",
    "isoNumericalCode": 688,
    "name": "Serbia",
    "numericalCode": 688,
    "official": true
  },
  {
    "alpha2": "SC",
    "alpha3": "SYC",
    "continent": "africa",
    "gazetteer": "iso",
    "id": "SC",
    "iso2LetterCode": "SC",
    "iso3LetterCode": "SYC",
    "isoNumericalCode": 690,
    "name": "Seychelles",
    "numericalCode": 690,
    "official": true
  },
  {
    "alpha2": "SL",
    "alpha3": "SLE",
    "continent": "africa",
    "gazetteer": "iso",
    "id": "SL",
    "iso2LetterCode": "SL",
    "iso3LetterCode": "SLE",
    "isoNumericalCode": 694,
    "name": "Sierra Leone",
    "numericalCode": 694,
    "official": true
  },
  {
    "alpha2": "SG",
    "alpha3": "SGP",
    "continent": "asia",
    "gazetteer": "iso",
    "id": "SG",
    "iso2LetterCode": "SG",
    "iso3LetterCode": "SGP",
    "isoNumericalCode": 702,
    "name": "Singapore",
    "numericalCode": 702,
    "official": true
  },
  {
    "alpha2": "SX",
    "alpha3": "SXM",
    "continent": "south america",
    "gazetteer": "iso",
    "id": "SX",
    "iso2LetterCode": "SX",
    "iso3LetterCode": "SXM",
    "isoNumericalCode": 534,
    "name": "Sint Maarten (Dutch part)",
    "numericalCode": 534,
    "official": true
  },
  {
    "alpha2": "SK",
    "alpha3": "SVK",
    "continent": "europe",
    "gazetteer": "iso",
    "id": "SK",
    "iso2LetterCode": "SK",
    "iso3LetterCode": "SVK",
    "isoNumericalCode": 703,
    "name": "Slovakia",
    "numericalCode": 703,
    "official": true
  },
  {
    "alpha2": "SI",
    "alpha3": "SVN",
    "continent": "europe",
    "gazetteer": "iso",
    "id": "SI",
    "iso2LetterCode": "SI",
    "iso3LetterCode": "SVN",
    "isoNumericalCode": 705,
    "name": "Slovenia",
    "numericalCode": 705,
    "official": true
  },
  {
    "alpha2": "SB",
    "alpha3": "SLB",
    "continent": "oceania",
    "gazetteer": "iso",
    "id": "SB",
    "iso2LetterCode": "SB",
    "iso3LetterCode": "SLB",
    "isoNumericalCode": 90,
    "name": "Solomon Islands",
    "numericalCode": 90,
    "official": true
  },
  {
    "alpha2": "SO",
    "alpha3": "SOM",
    "continent": "africa",
    "gazetteer": "iso",
    "id": "SO",
    "iso2LetterCode": "SO",
    "iso3LetterCode": "SOM",
    "isoNumericalCode": 706,
    "name": "Somalia",
    "numericalCode": 706,
    "official": true
  },
  {
    "alpha2": "ZA",
    "alpha3": "ZAF",
    "continent": "africa",
    "gazetteer": "iso",
    "id": "ZA",
    "iso2LetterCode": "ZA",
    "iso3LetterCode": "ZAF",
    "isoNumericalCode": 710,
    "name": "South Africa",
    "numericalCode": 710,
    "official": true
  },
  {
    "alpha2": "GS",
    "alpha3": "SGS",
    "continent": "antarctica",
    "gazetteer": "iso",
    "id": "GS",
    "iso2LetterCode": "GS",
    "iso3LetterCode": "SGS",
    "isoNumericalCode": 239,
    "name": "South Georgia and the South Sandwich Islands",
    "numericalCode": 239,
    "official": true
  },
  {
    "alpha2": "SS",
    "alpha3": "SSD",
    "continent": "africa",
    "gazetteer": "iso",
    "id": "SS",
    "iso2LetterCode": "SS",
    "iso3LetterCode": "SSD",
    "isoNumericalCode": 728,
    "name": "South Sudan",
    "numericalCode": 728,
    "official": true
  },
  {
    "alpha2": "ES",
    "alpha3": "ESP",
    "continent": "europe",
    "gazetteer": "iso",
    "id": "ES",
    "iso2LetterCode": "ES",
    "iso3LetterCode": "ESP",
    "isoNumericalCode": 724,
    "name": "Spain",
    "numericalCode": 724,
    "official": true
  },
  {
    "alpha2": "LK",
    "alpha3": "LKA",
    "continent": "asia",
    "gazetteer": "iso",
    "id": "LK",
    "iso2LetterCode": "LK",
    "iso3LetterCode": "LKA",
    "isoNumericalCode": 144,
    "name": "Sri Lanka",
    "numericalCode": 144,
    "official": true
  },
  {
    "alpha2": "SD",
    "alpha3": "SDN",
    "continent": "africa",
    "gazetteer": "iso",
    "id": "SD",
    "iso2LetterCode": "SD",
    "iso3LetterCode": "SDN",
    "isoNumericalCode": 729,
    "name": "Sudan",
    "numericalCode": 729,
    "official": true
  },
  {
    "alpha2": "SR",
    "alpha3": "SUR",
    "continent": "south america",
    "gazetteer": "iso",
    "id": "SR",
    "iso2LetterCode": "SR",
    "iso3LetterCode": "SUR",
    "isoNumericalCode": 740,
    "name": "Suriname",
    "numericalCode": 740,
    "official": true
  },
  {
    "alpha2": "SJ",
    "alpha3": "SJM",
    "continent": "europe",
    "gazetteer": "iso",
    "id": "SJ",
    "iso2LetterCode": "SJ",
    "iso3LetterCode": "SJM",
    "isoNumericalCode": 744,
    "name": "Svalbard and Jan Mayen",
    "numericalCode": 744,
    "official": true
  },
  {
    "alpha2": "SZ",
    "alpha3": "SWZ",
    "continent": "africa",
    "gazetteer": "iso",
    "id": "SZ",
    "iso2LetterCode": "SZ",
    "iso3LetterCode": "SWZ",
    "isoNumericalCode": 748,
    "name": "Eswatini",
    "numericalCode": 748,
    "official": true
  },
  {
    "alpha2": "SE",
    "alpha3": "SWE",
    "continent": "europe",
    "gazetteer": "iso",
    "id": "SE",
    "iso2LetterCode": "SE",
    "iso3LetterCode": "SWE",
    "isoNumericalCode": 752,
    "name": "Sweden",
    "numericalCode": 752,
    "official": true
  },
  {
    "alpha2": "CH",
    "alpha3": "CHE",
    "continent": "europe",
    "gazetteer": "iso",
    "id": "CH",
    "iso2LetterCode": "CH",
    "iso3LetterCode": "CHE",
    "isoNumericalCode": 756,
    "name": "Switzerland",
    "numericalCode": 756,
    "official": true
  },
  {
    "alpha2": "SY",
    "alpha3": "SYR",
    "continent": "asia",
    "gazetteer": "iso",
    "id": "SY",
    "iso2LetterCode": "SY",
    "iso3LetterCode": "SYR",
    "isoNumericalCode": 760,
    "name": "Syrian Arab Republic",
    "numericalCode": 760,
    "official": true
  },
  {
    "alpha2": "TW",
    "alpha3": "TWN",
    "continent": "asia",
    "gazetteer": "iso",
    "id": "TW",
    "iso2LetterCode": "TW",
    "iso3LetterCode": "TWN",
    "isoNumericalCode": 158,
    "name": "Taiwan",
    "numericalCode": 158,
    "official": true
  },
  {
    "alpha2": "TJ",
    "alpha3": "TJK",
    "continent": "europe",
    "gazetteer": "iso",
    "id": "TJ",
    "iso2LetterCode": "TJ",
    "iso3LetterCode": "TJK",
    "isoNumericalCode": 762,
    "name": "Tajikistan",
    "numericalCode": 762,
    "official": true
  },
  {
    "alpha2": "TZ",
    "alpha3": "TZA",
    "continent": "africa",
    "gazetteer": "iso",
    "id": "TZ",
    "iso2LetterCode": "TZ",
    "iso3LetterCode": "TZA",
    "isoNumericalCode": 834,
    "name": "Tanzania, United Republic of",
    "numericalCode": 834,
    "official": true
  },
  {
    "alpha2": "TH",
    "alpha3": "THA",
    "continent": "asia",
    "gazetteer": "iso",
    "id": "TH",
    "iso2LetterCode": "TH",
    "iso3LetterCode": "THA",
    "isoNumericalCode": 764,
    "name": "Thailand",
    "numericalCode": 764,
    "official": true
  },
  {
    "alpha2": "TL",
    "alpha3": "TLS",
    "continent": "asia",
    "gazetteer": "iso",
    "id": "TL",
    "iso2LetterCode": "TL",
    "iso3LetterCode": "TLS",
    "isoNumericalCode": 626,
    "name": "Timor-Leste",
    "numericalCode": 626,
    "official": true
  },
  {
    "alpha2": "TG",
    "alpha3": "TGO",
    "continent": "africa",
    "gazetteer": "iso",
    "id": "TG",
    "iso2LetterCode": "TG",
    "iso3LetterCode": "TGO",
    "isoNumericalCode": 768,
    "name": "Togo",
    "numericalCode": 768,
    "official": true
  },
  {
    "alpha2": "TK",
    "alpha3": "TKL",
    "continent": "oceania",
    "gazetteer": "iso",
    "id": "TK",
    "iso2LetterCode": "TK",
    "iso3LetterCode": "TKL",
    "isoNumericalCode": 772,
    "name": "Tokelau",
    "numericalCode": 772,
    "official": true
  },
  {
    "alpha2": "TO",
    "alpha3": "TON",
    "continent": "oceania",
    "gazetteer": "iso",
    "id": "TO",
    "iso2LetterCode": "TO",
    "iso3LetterCode": "TON",
    "isoNumericalCode": 776,
    "name": "Tonga",
    "numericalCode": 776,
    "official": true
  },
  {
    "alpha2": "TT",
    "alpha3": "TTO",
    "continent": "south america",
    "gazetteer": "iso",
    "id": "TT",
    "iso2LetterCode": "TT",
    "iso3LetterCode": "TTO",
    "isoNumericalCode": 780,
    "name": "Trinidad and Tobago",
    "numericalCode": 780,
    "official": true
  },
  {
    "alpha2": "TN",
    "alpha3": "TUN",
    "continent": "africa",
    "gazetteer": "iso",
    "id": "TN",
    "iso2LetterCode": "TN",
    "iso3LetterCode": "TUN",
    "isoNumericalCode": 788,
    "name": "Tunisia",
    "numericalCode": 788,
    "official": true
  },
  {
    "alpha2": "TR",
    "alpha3": "TUR",
    "continent": "europe",
    "gazetteer": "iso",
    "id": "TR",
    "iso2LetterCode": "TR",
    "iso3LetterCode": "TUR",
    "isoNumericalCode": 792,
    "name": "Türkiye",
    "numericalCode": 792,
    "official": true
  },
  {
    "alpha2": "TM",
    "alpha3": "TKM",
    "continent": "europe",
    "gazetteer": "iso",
    "id": "TM",
    "iso2LetterCode": "TM",
    "iso3LetterCode": "TKM",
    "isoNumericalCode": 795,
    "name": "Turkmenistan",
    "numericalCode": 795,
    "official": true
  },
  {
    "alpha2": "TC",
    "alpha3": "TCA",
    "continent": "south america",
    "gazetteer": "iso",
    "id": "TC",
    "iso2LetterCode": "TC",
    "iso3LetterCode": "TCA",
    "isoNumericalCode": 796,
    "name": "Turks and Caicos Islands",
    "numericalCode": 796,
    "official": true
  },
  {
    "alpha2": "TV",
    "alpha3": "TUV",
    "continent": "oceania",
    "gazetteer": "iso",
    "id": "TV",
    "iso2LetterCode": "TV",
    "iso3LetterCode": "TUV",
    "isoNumericalCode": 798,
    "name": "Tuvalu",
    "numericalCode": 798,
    "official": true
  },
  {
    "alpha2": "UG",
    "alpha3": "UGA",
    "continent": "africa",
    "gazetteer": "iso",
    "id": "UG",
    "iso2LetterCode": "UG",
    "iso3LetterCode": "UGA",
    "isoNumericalCode": 800,
    "name": "Uganda",
    "numericalCode": 800,
    "official": true
  },
  {
    "alpha2": "UA",
    "alpha3": "UKR",
    "continent": "europe",
    "gazetteer": "iso",
    "id": "UA",
    "iso2LetterCode": "UA",
    "iso3LetterCode": "UKR",
    "isoNumericalCode": 804,
    "name": "Ukraine",
    "numericalCode": 804,
    "official": true
  },
  {
    "alpha2": "AE",
    "alpha3": "ARE",
    "continent": "asia",
    "gazetteer": "iso",
    "id": "AE",
    "iso2LetterCode": "AE",
    "iso3LetterCode": "ARE",
    "isoNumericalCode": 784,
    "name": "United Arab Emirates",
    "numericalCode": 784,
    "official": true
  },
  {
    "alpha2": "GB",
    "alpha3": "GBR",
    "continent": "europe",
    "gazetteer": "iso",
    "id": "GB",
    "iso2LetterCode": "GB",
    "iso3LetterCode": "GBR",
    "isoNumericalCode": 826,
    "name": "United Kingdom",
    "numericalCode": 826,
    "official": true
  },
  {
    "alpha2": "US",
    "alpha3": "USA",
    "continent": "north america",
    "gazetteer": "iso",
    "id": "US",
    "iso2LetterCode": "US",
    "iso3LetterCode": "USA",
    "isoNumericalCode": 840,
    "name": "United States of America",
    "numericalCode": 840,
    "official": true
  },
  {
    "alpha2": "UM",
    "alpha3": "UMI",
    "continent": "oceania",
    "gazetteer": "iso",
    "id": "UM",
    "iso2LetterCode": "UM",
    "iso3LetterCode": "UMI",
    "isoNumericalCode": 581,
    "name": "United States Minor Outlying Islands",
    "numericalCode": 581,
    "official": true
  },
  {
    "alpha2": "UY",
    "alpha3": "URY",
    "continent": "south america",
    "gazetteer": "iso",
    "id": "UY",
    "iso2LetterCode": "UY",
    "iso3LetterCode": "URY",
    "isoNumericalCode": 858,
    "name": "Uruguay",
    "numericalCode": 858,
    "official": true
  },
  {
    "alpha2": "UZ",
    "alpha3": "UZB",
    "continent": "europe",
    "gazetteer": "iso",
    "id": "UZ",
    "iso2LetterCode": "UZ",
    "iso3LetterCode": "UZB",
    "isoNumericalCode": 860,
    "name": "Uzbekistan",
    "numericalCode": 860,
    "official": true
  },
  {
    "alpha2": "VU",
    "alpha3": "VUT",
    "continent": "oceania",
    "gazetteer": "iso",
    "id": "VU",
    "iso2LetterCode": "VU",
    "iso3LetterCode": "VUT",
    "isoNumericalCode": 548,
    "name": "Vanuatu",
    "numericalCode": 548,
    "official": true
  },
  {
    "alpha2": "VE",
    "alpha3": "VEN",
    "continent": "south america",
    "gazetteer": "iso",
    "id": "VE",
    "iso2LetterCode": "VE",
    "iso3LetterCode": "VEN",
    "isoNumericalCode": 862,
    "name": "Venezuela, Bolivarian Republic of",
    "numericalCode": 862,
    "official": true
  },
  {
    "alpha2": "VN",
    "alpha3": "VNM",
    "continent": "asia",
    "gazetteer": "iso",
    "id": "VN",
    "iso2LetterCode": "VN",
    "iso3LetterCode": "VNM",
    "isoNumericalCode": 704,
    "name": "Viet Nam",
    "numericalCode": 704,
    "official": true
  },
  {
    "alpha2": "VG",
    "alpha3": "VGB",
    "continent": "south america",
    "gazetteer": "iso",
    "id": "VG",
    "iso2LetterCode": "VG",
    "iso3LetterCode": "VGB",
    "isoNumericalCode": 92,
    "name": "Virgin Islands, British",
    "numericalCode": 92,
    "official": true
  },
  {
    "alpha2": "VI",
    "alpha3": "VIR",
    "continent": "south america",
    "gazetteer": "iso",
    "id": "VI",
    "iso2LetterCode": "VI",
    "iso3LetterCode": "VIR",
    "isoNumericalCode": 850,
    "name": "Virgin Islands, U.S.",
    "numericalCode": 850,
    "official": true
  },
  {
    "alpha2": "WF",
    "alpha3": "WLF",
    "continent": "oceania",
    "gazetteer": "iso",
    "id": "WF",
    "iso2LetterCode": "WF",
    "iso3LetterCode": "WLF",
    "isoNumericalCode": 876,
    "name": "Wallis and Futuna",
    "numericalCode": 876,
    "official": true
  },
  {
    "alpha2": "EH",
    "alpha3": "ESH",
    "continent": "africa",
    "gazetteer": "iso",
    "id": "EH",
    "iso2LetterCode": "EH",
    "iso3LetterCode": "ESH",
    "isoNumericalCode": 732,
    "name": "Western Sahara",
    "numericalCode": 732,
    "official": true
  },
  {
    "alpha2": "YE",
    "alpha3": "YEM",
    "continent": "asia",
    "gazetteer": "iso",
    "id": "YE",
    "iso2LetterCode": "YE",
    "iso3LetterCode": "YEM",
    "isoNumericalCode": 887,
    "name": "Yemen",
    "numericalCode": 887,
    "official": true
  },
  {
    "alpha2": "ZM",
    "alpha3": "ZMB",
    "continent": "africa",
    "gazetteer": "iso",
    "id": "ZM",
    "iso2LetterCode": "ZM",
    "iso3LetterCode": "ZMB",
    "isoNumericalCode": 894,
    "name": "Zambia",
    "numericalCode": 894,
    "official": true
  },
  {
    "alpha2": "ZW",
    "alpha3": "ZWE",
    "continent": "africa",
    "gazetteer": "iso",
    "id": "ZW",
    "iso2LetterCode": "ZW",
    "iso3LetterCode": "ZWE",
    "isoNumericalCode": 716,
    "name": "Zimbabwe",
    "numericalCode": 716,
    "official": true
  },
  {
    "alpha2": "XZ",
    "alpha3": "XZZ",
    "gazetteer": "iso",
    "id": "XZ",
    "iso2LetterCode": "XZ",
    "iso3LetterCode": "XZZ",
    "isoNumericalCode": 901,
    "name": "international waters",
    "numericalCode": 901,
    "official": false
  }
]